{
  "generatedAt": "2026-07-02T22:30:02.656Z",
  "gitSha": "3a20560",
  "nodeVersion": "v24.11.1",
  "runtime": "prod",
  "warmup": 50,
  "measure": 500,
  "results": [
    {
      "name": "scaling/N=10",
      "params": {
        "partons": 10,
        "liveCells": 1,
        "depth": 2,
        "sharedPulseCell": false
      },
      "coldMs": 4.149583000000007,
      "coldBytes": 3667,
      "gate": {
        "coldRenders": 12,
        "coldBytes": 3667,
        "warmRenders": 3,
        "warmBytes": 2893,
        "faithful": true
      },
      "measuredTicks": 500,
      "warm": {
        "p50us": 131.79100000002109,
        "p95us": 184.20900000000984,
        "p99us": 525.4579999999578,
        "meanUs": 144.76076999999816,
        "minUs": 114.54199999997172,
        "maxUs": 1047.4169999999958
      },
      "warmBytesMean": 2893,
      "ticksPerSec": 6907.948886981001
    },
    {
      "name": "scaling/N=50",
      "params": {
        "partons": 50,
        "liveCells": 1,
        "depth": 2,
        "sharedPulseCell": false
      },
      "coldMs": 0.6133749999999623,
      "coldBytes": 15067,
      "gate": {
        "coldRenders": 52,
        "coldBytes": 15067,
        "warmRenders": 3,
        "warmBytes": 10773,
        "faithful": true
      },
      "measuredTicks": 500,
      "warm": {
        "p50us": 358.4160000000338,
        "p95us": 632.4169999999754,
        "p99us": 798.7089999999739,
        "meanUs": 391.4070160000017,
        "minUs": 332.54199999998946,
        "maxUs": 1630.042000000003
      },
      "warmBytesMean": 10773,
      "ticksPerSec": 2554.8852195332024
    },
    {
      "name": "scaling/N=100",
      "params": {
        "partons": 100,
        "liveCells": 1,
        "depth": 2,
        "sharedPulseCell": false
      },
      "coldMs": 0.83137499999998,
      "coldBytes": 29317,
      "gate": {
        "coldRenders": 102,
        "coldBytes": 29317,
        "warmRenders": 3,
        "warmBytes": 20623,
        "faithful": true
      },
      "measuredTicks": 500,
      "warm": {
        "p50us": 641.9170000000349,
        "p95us": 929.7920000000204,
        "p99us": 1507.5420000000577,
        "meanUs": 691.1277660000017,
        "minUs": 611.3340000000562,
        "maxUs": 2620.249999999942
      },
      "warmBytesMean": 20623,
      "ticksPerSec": 1446.910468939252
    },
    {
      "name": "scaling/N=500",
      "params": {
        "partons": 500,
        "liveCells": 1,
        "depth": 2,
        "sharedPulseCell": false
      },
      "coldMs": 4.005165999999917,
      "coldBytes": 146825,
      "gate": {
        "coldRenders": 502,
        "coldBytes": 146825,
        "warmRenders": 3,
        "warmBytes": 101133,
        "faithful": true
      },
      "measuredTicks": 500,
      "warm": {
        "p50us": 3155.5419999999685,
        "p95us": 6970.0410000000375,
        "p99us": 7255.541999999878,
        "meanUs": 3631.4917440000017,
        "minUs": 3034.582999999884,
        "maxUs": 7535.833999999795
      },
      "warmBytesMean": 101133,
      "ticksPerSec": 275.36893114302495
    },
    {
      "name": "scaling/N=1000",
      "params": {
        "partons": 1000,
        "liveCells": 1,
        "depth": 2,
        "sharedPulseCell": false
      },
      "coldMs": 11.969958000000133,
      "coldBytes": 293825,
      "gate": {
        "coldRenders": 1002,
        "coldBytes": 293825,
        "warmRenders": 3,
        "warmBytes": 202133,
        "faithful": true
      },
      "measuredTicks": 500,
      "warm": {
        "p50us": 6757.083000000421,
        "p95us": 11033.500000000458,
        "p99us": 12161.957999999686,
        "meanUs": 7679.287827999987,
        "minUs": 6375.957999999628,
        "maxUs": 18391.250000000127
      },
      "warmBytesMean": 202133,
      "ticksPerSec": 130.22040876679088
    },
    {
      "name": "dashboard/M=1",
      "params": {
        "partons": 200,
        "liveCells": 1,
        "depth": 2,
        "sharedPulseCell": false
      },
      "coldMs": 1.6558340000001408,
      "coldBytes": 58625,
      "gate": {
        "coldRenders": 202,
        "coldBytes": 58625,
        "warmRenders": 3,
        "warmBytes": 40623,
        "faithful": true
      },
      "measuredTicks": 500,
      "warm": {
        "p50us": 1232.1669999992082,
        "p95us": 1755.540999999539,
        "p99us": 2561.6250000002765,
        "meanUs": 1294.8302499999972,
        "minUs": 1192.4159999998665,
        "maxUs": 3170.0840000003154
      },
      "warmBytesMean": 40623,
      "ticksPerSec": 772.3020063826916
    },
    {
      "name": "dashboard/M=10",
      "params": {
        "partons": 200,
        "liveCells": 10,
        "depth": 2,
        "sharedPulseCell": false
      },
      "coldMs": 1.6520420000006197,
      "coldBytes": 58643,
      "gate": {
        "coldRenders": 202,
        "coldBytes": 58643,
        "warmRenders": 12,
        "warmBytes": 41397,
        "faithful": true
      },
      "measuredTicks": 500,
      "warm": {
        "p50us": 1285.3749999994761,
        "p95us": 1854.5830000002752,
        "p99us": 2635.2090000000317,
        "meanUs": 1352.7446500000003,
        "minUs": 1251.5839999996388,
        "maxUs": 2707.250000001295
      },
      "warmBytesMean": 41397,
      "ticksPerSec": 739.2378155034653
    },
    {
      "name": "dashboard/M=50",
      "params": {
        "partons": 200,
        "liveCells": 50,
        "depth": 2,
        "sharedPulseCell": false
      },
      "coldMs": 1.7509580000005371,
      "coldBytes": 58683,
      "gate": {
        "coldRenders": 202,
        "coldBytes": 58683,
        "warmRenders": 52,
        "warmBytes": 44983,
        "faithful": true
      },
      "measuredTicks": 500,
      "warm": {
        "p50us": 1521.0420000003069,
        "p95us": 2842.3750000001746,
        "p99us": 3338.6669999999867,
        "meanUs": 1672.8812600000108,
        "minUs": 1469.082999999955,
        "maxUs": 6282.917000000452
      },
      "warmBytesMean": 44983,
      "ticksPerSec": 597.7710575824094
    },
    {
      "name": "dashboard/M=200",
      "params": {
        "partons": 200,
        "liveCells": 200,
        "depth": 2,
        "sharedPulseCell": false
      },
      "coldMs": 2.157500000001164,
      "coldBytes": 58733,
      "gate": {
        "coldRenders": 202,
        "coldBytes": 58733,
        "warmRenders": 202,
        "warmBytes": 58733,
        "faithful": true
      },
      "measuredTicks": 500,
      "warm": {
        "p50us": 2303.8329999999405,
        "p95us": 3646.915999999692,
        "p99us": 3921.750000001339,
        "meanUs": 2448.719241999989,
        "minUs": 2220.1249999998254,
        "maxUs": 4395.750000001499
      },
      "warmBytesMean": 58733,
      "ticksPerSec": 408.3767476679976
    },
    {
      "name": "depth/D=1",
      "params": {
        "partons": 100,
        "liveCells": 1,
        "depth": 1,
        "sharedPulseCell": false
      },
      "coldMs": 0.8297500000007858,
      "coldBytes": 29048,
      "gate": {
        "coldRenders": 101,
        "coldBytes": 29048,
        "warmRenders": 2,
        "warmBytes": 20354,
        "faithful": true
      },
      "measuredTicks": 500,
      "warm": {
        "p50us": 621.4170000002923,
        "p95us": 657.416000000012,
        "p99us": 681.9169999998849,
        "meanUs": 630.1061779999505,
        "minUs": 588.3340000000317,
        "maxUs": 2132.9580000001442
      },
      "warmBytesMean": 20354,
      "ticksPerSec": 1587.034114114143
    },
    {
      "name": "depth/D=4",
      "params": {
        "partons": 100,
        "liveCells": 1,
        "depth": 4,
        "sharedPulseCell": false
      },
      "coldMs": 0.8396659999998519,
      "coldBytes": 29855,
      "gate": {
        "coldRenders": 104,
        "coldBytes": 29855,
        "warmRenders": 5,
        "warmBytes": 21161,
        "faithful": true
      },
      "measuredTicks": 500,
      "warm": {
        "p50us": 683.3749999987049,