{
  "generatedAt": "2026-06-21T22:08:01.027Z",
  "gitSha": "2d7e0f7",
  "nodeVersion": "v24.11.1",
  "runtime": "dev",
  "warmup": 50,
  "measure": 500,
  "results": [
    {
      "name": "scaling/N=10",
      "params": {
        "partons": 10,
        "liveCells": 1,
        "depth": 2
      },
      "coldMs": 6.543959000000001,
      "coldBytes": 79598,
      "gate": {
        "coldRenders": 12,
        "coldBytes": 79598,
        "warmRenders": 3,
        "warmBytes": 76563,
        "faithful": true
      },
      "measuredTicks": 500,
      "warm": {
        "p50us": 448.4579999999596,
        "p95us": 1418.0000000000064,
        "p99us": 2677.500000000009,
        "meanUs": 709.6125799999958,
        "minUs": 405.16600000000835,
        "maxUs": 5101.666000000023
      },
      "warmBytesMean": 65228.376,
      "ticksPerSec": 1409.219661804764
    },
    {
      "name": "scaling/N=50",
      "params": {
        "partons": 50,
        "liveCells": 1,
        "depth": 2
      },
      "coldMs": 1.9999160000000984,
      "coldBytes": 111758,
      "gate": {
        "coldRenders": 52,
        "coldBytes": 111758,
        "warmRenders": 3,
        "warmBytes": 102365,
        "faithful": true
      },
      "measuredTicks": 500,
      "warm": {
        "p50us": 1275.333000000046,
        "p95us": 3742.1249999999873,
        "p99us": 9794.832999999926,
        "meanUs": 1862.2645919999914,
        "minUs": 1194.7079999999914,
        "maxUs": 11923.207999999931
      },
      "warmBytesMean": 110776.784,
      "ticksPerSec": 536.9806225688067
    },
    {
      "name": "scaling/N=100",
      "params": {
        "partons": 100,
        "liveCells": 1,
        "depth": 2
      },
      "coldMs": 2.8417920000001686,
      "coldBytes": 183544,
      "gate": {
        "coldRenders": 102,
        "coldBytes": 183544,
        "warmRenders": 3,
        "warmBytes": 164491,
        "faithful": true
      },
      "measuredTicks": 500,
      "warm": {
        "p50us": 2326.791999999841,
        "p95us": 6743.542000000161,
        "p99us": 11499.291999999969,
        "meanUs": 3255.9904420000034,
        "minUs": 2187.7919999997175,
        "maxUs": 17235.25000000018
      },
      "warmBytesMean": 181719.906,
      "ticksPerSec": 307.12620869542434
    },
    {
      "name": "scaling/N=500",
      "params": {
        "partons": 500,
        "liveCells": 1,
        "depth": 2
      },
      "coldMs": 14.898208999999952,
      "coldBytes": 771095,
      "gate": {
        "coldRenders": 502,
        "coldBytes": 771095,
        "warmRenders": 3,
        "warmBytes": 671485,
        "faithful": true
      },
      "measuredTicks": 500,
      "warm": {
        "p50us": 11755.750000000262,
        "p95us": 32450.417000000016,
        "p99us": 39425.29200000172,
        "meanUs": 15985.646516000013,
        "minUs": 11139.957999999751,
        "maxUs": 41074.08299999952
      },
      "warmBytesMean": 741283.868,
      "ticksPerSec": 62.55611864050048
    },
    {
      "name": "scaling/N=1000",
      "params": {
        "partons": 1000,
        "liveCells": 1,
        "depth": 2
      },
      "coldMs": 40.3080829999999,
      "coldBytes": 1513342,
      "gate": {
        "coldRenders": 1002,
        "coldBytes": 1513342,
        "warmRenders": 3,
        "warmBytes": 1312379,
        "faithful": true
      },
      "measuredTicks": 500,
      "warm": {
        "p50us": 31399.750000000495,
        "p95us": 73121.99999999939,
        "p99us": 76476.20800000004,
        "meanUs": 33748.27451399988,
        "minUs": 23546.291999999085,
        "maxUs": 91611.75000000003
      },
      "warmBytesMean": 1456795.312,
      "ticksPerSec": 29.631144537039
    },
    {
      "name": "dashboard/M=1",
      "params": {
        "partons": 200,
        "liveCells": 1,
        "depth": 2
      },
      "coldMs": 5.9895829999986745,
      "coldBytes": 329226,
      "gate": {
        "coldRenders": 202,
        "coldBytes": 329226,
        "warmRenders": 3,
        "warmBytes": 290650,
        "faithful": true
      },
      "measuredTicks": 500,
      "warm": {
        "p50us": 4653.583000002982,
        "p95us": 13016.332999999577,
        "p99us": 18734.334000000672,
        "meanUs": 6196.378184000013,
        "minUs": 4417.749999996886,
        "maxUs": 19422.458999997616
      },
      "warmBytesMean": 316756.62,
      "ticksPerSec": 161.38459763191204
    },
    {
      "name": "dashboard/M=10",
      "params": {
        "partons": 200,
        "liveCells": 10,
        "depth": 2
      },
      "coldMs": 5.928249999997206,
      "coldBytes": 329753,
      "gate": {
        "coldRenders": 202,
        "coldBytes": 329753,
        "warmRenders": 12,
        "warmBytes": 292820,
        "faithful": true
      },
      "measuredTicks": 500,
      "warm": {
        "p50us": 4752.749999999651,
        "p95us": 13287.083000002895,
        "p99us": 19113.83399999613,
        "meanUs": 6215.103095999539,
        "minUs": 4433.458999999857,
        "maxUs": 19514.791999994486
      },
      "warmBytesMean": 318213.126,
      "ticksPerSec": 160.89837683363092
    },
    {
      "name": "dashboard/M=50",
      "params": {
        "partons": 200,
        "liveCells": 50,
        "depth": 2
      },
      "coldMs": 5.809459000003699,
      "coldBytes": 331808,
      "gate": {
        "coldRenders": 202,
        "coldBytes": 331808,
        "warmRenders": 52,
        "warmBytes": 302581,
        "faithful": true
      },
      "measuredTicks": 500,
      "warm": {
        "p50us": 5505.125000003318,
        "p95us": 14666.749999996682,
        "p99us": 19935.37500000093,
        "meanUs": 6973.717612000026,
        "minUs": 4964.958000004117,
        "maxUs": 21214.83299999818
      },
      "warmBytesMean": 325112.956,
      "ticksPerSec": 143.39553960132395
    },
    {
      "name": "dashboard/M=200",
      "params": {
        "partons": 200,
        "liveCells": 200,
        "depth": 2
      },
      "coldMs": 6.559832999999344,
      "coldBytes": 339498,
      "gate": {
        "coldRenders": 202,
        "coldBytes": 339498,
        "warmRenders": 202,
        "warmBytes": 339769,
        "faithful": true
      },
      "measuredTicks": 500,
      "warm": {
        "p50us": 8402.082999993581,
        "p95us": 19789.54199999862,
        "p99us": 27045.375000001513,
        "meanUs": 10393.846892000374,
        "minUs": 6658.458000005339,
        "maxUs": 29065.75000000157
      },
      "warmBytesMean": 366241.75,
      "ticksPerSec": 96.21076877413407
    },
    {
      "name": "depth/D=1",
      "params": {
        "partons": 100,
        "liveCells": 1,
        "depth": 1
      },
      "coldMs": 3.0422079999989364,
      "coldBytes": 181221,
      "gate": {
        "coldRenders": 101,
        "coldBytes": 181221,
        "warmRenders": 2,
        "warmBytes": 163101,
        "faithful": true
      },
      "measuredTicks": 500,
      "warm": {
        "p50us": 2264.2500000001746,
        "p95us": 6458.208000003651,
        "p99us": 6685.958000001847,
        "meanUs": 2747.9883820000555,
        "minUs": 2145.0000000040745,
        "maxUs": 12461.499999997613
      },
      "warmBytesMean": 173894.052,
      "ticksPerSec": 363.9025574308195
    },
    {
      "name": "depth/D=4",
      "params": {
        "partons": 100,
        "liveCells": 1,
        "depth": 4
      },
      "coldMs": 10.292124999999942,
      "coldBytes": 424197,
      "gate": {
        "coldRenders": 104,
        "coldBytes": 424197,
        "warmRenders": 5,
        "warmBytes": 388190,
        "faithful": true
      },
      "measuredTicks": 500,
      "warm": {
        "p50us": 2695.0419999993755,
        "p95us": 7040.291999997862,
        "p99us": 7336.999999999534,
        "meanUs": 3207.1126019999383,
        "minUs": 2550.9170000004815,
        "maxUs": 13230.750000002445
      },
      "warmBytesMean": 257762.65,
      "ticksPerSec": 311.80695039407266
    },
    {
      "name": "depth/D=16",