{
  "generatedAt": "2026-07-02T22:29:10.599Z",
  "gitSha": "3a20560",
  "nodeVersion": "v24.11.1",
  "runtime": "dev",
  "warmup": 50,
  "measure": 500,
  "results": [
    {
      "name": "scaling/N=10",
      "params": {
        "partons": 10,
        "liveCells": 1,
        "depth": 2,
        "sharedPulseCell": false
      },
      "coldMs": 7.140124999999955,
      "coldBytes": 49584,
      "gate": {
        "coldRenders": 12,
        "coldBytes": 49584,
        "warmRenders": 3,
        "warmBytes": 47915,
        "faithful": true
      },
      "measuredTicks": 500,
      "warm": {
        "p50us": 454.0420000000722,
        "p95us": 1147.7089999999635,
        "p99us": 2092.708000000016,
        "meanUs": 675.5791800000006,
        "minUs": 370.6659999999147,
        "maxUs": 3264.6250000000236
      },
      "warmBytesMean": 32329.562,
      "ticksPerSec": 1480.2113943179822
    },
    {
      "name": "scaling/N=50",
      "params": {
        "partons": 50,
        "liveCells": 1,
        "depth": 2,
        "sharedPulseCell": false
      },
      "coldMs": 1.9815830000000005,
      "coldBytes": 76131,
      "gate": {
        "coldRenders": 52,
        "coldBytes": 76131,
        "warmRenders": 3,
        "warmBytes": 66526,
        "faithful": true
      },
      "measuredTicks": 500,
      "warm": {
        "p50us": 1323.7919999999122,
        "p95us": 4137.625000000071,
        "p99us": 10319.333000000142,
        "meanUs": 1948.2329899999995,
        "minUs": 1219.5839999999407,
        "maxUs": 13198.333999999932
      },
      "warmBytesMean": 78387.386,
      "ticksPerSec": 513.2856312016359
    },
    {
      "name": "scaling/N=100",
      "params": {
        "partons": 100,
        "liveCells": 1,
        "depth": 2,
        "sharedPulseCell": false
      },
      "coldMs": 3.048000000000002,
      "coldBytes": 146467,
      "gate": {
        "coldRenders": 102,
        "coldBytes": 146467,
        "warmRenders": 3,
        "warmBytes": 126881,
        "faithful": true
      },
      "measuredTicks": 500,
      "warm": {
        "p50us": 2977.792000000136,
        "p95us": 12491.125000000011,
        "p99us": 19119.208999999955,
        "meanUs": 4272.67450399999,
        "minUs": 2341.625000000022,
        "maxUs": 21144.958999999744
      },
      "warmBytesMean": 153909.284,
      "ticksPerSec": 234.04544368259755
    },
    {
      "name": "scaling/N=500",
      "params": {
        "partons": 500,
        "liveCells": 1,
        "depth": 2,
        "sharedPulseCell": false
      },
      "coldMs": 63.72925000000032,
      "coldBytes": 1860031,
      "gate": {
        "coldRenders": 502,
        "coldBytes": 1860031,
        "warmRenders": 3,
        "warmBytes": 1760122,
        "faithful": true
      },
      "measuredTicks": 500,
      "warm": {
        "p50us": 15943.333000000166,
        "p95us": 43036.582999999155,
        "p99us": 48992.62500000077,
        "meanUs": 20579.61810200001,
        "minUs": 13480.333999999857,
        "maxUs": 64215.08400000039
      },
      "warmBytesMean": 939681.964,
      "ticksPerSec": 48.59176662286148
    },
    {
      "name": "scaling/N=1000",
      "params": {
        "partons": 1000,
        "liveCells": 1,
        "depth": 2,
        "sharedPulseCell": false
      },
      "coldMs": 42.07487500000025,
      "coldBytes": 1446129,
      "gate": {
        "coldRenders": 1002,
        "coldBytes": 1446129,
        "warmRenders": 3,
        "warmBytes": 1242372,
        "faithful": true
      },
      "measuredTicks": 500,
      "warm": {
        "p50us": 33674.37499999505,
        "p95us": 80134.66699999844,
        "p99us": 87633.74999999724,
        "meanUs": 38290.04343800006,
        "minUs": 25284.332999999606,
        "maxUs": 158493.6250000028
      },
      "warmBytesMean": 1479893.31,
      "ticksPerSec": 26.116449870818723
    },
    {
      "name": "dashboard/M=1",
      "params": {
        "partons": 200,
        "liveCells": 1,
        "depth": 2,
        "sharedPulseCell": false
      },
      "coldMs": 6.902667000002111,
      "coldBytes": 288812,
      "gate": {
        "coldRenders": 202,
        "coldBytes": 288812,
        "warmRenders": 3,
        "warmBytes": 249391,
        "faithful": true
      },
      "measuredTicks": 500,
      "warm": {
        "p50us": 4961.290999999619,
        "p95us": 13931.375000000116,
        "p99us": 19845.87499999907,
        "meanUs": 6731.243659999928,
        "minUs": 4630.832999995619,
        "maxUs": 20392.332999996142
      },
      "warmBytesMean": 294971.188,
      "ticksPerSec": 148.56095701043316
    },
    {
      "name": "dashboard/M=10",
      "params": {
        "partons": 200,
        "liveCells": 10,
        "depth": 2,
        "sharedPulseCell": false
      },
      "coldMs": 12.090000000003783,
      "coldBytes": 289243,
      "gate": {
        "coldRenders": 202,
        "coldBytes": 289243,
        "warmRenders": 12,
        "warmBytes": 251615,
        "faithful": true
      },
      "measuredTicks": 500,
      "warm": {
        "p50us": 5161.62500000064,
        "p95us": 14420.665999998164,
        "p99us": 20114.8749999993,
        "meanUs": 7007.725750000189,
        "minUs": 4754.0829999998095,
        "maxUs": 21692.20800000039
      },
      "warmBytesMean": 299334.408,
      "ticksPerSec": 142.6996483131454
    },
    {
      "name": "dashboard/M=50",
      "params": {
        "partons": 200,
        "liveCells": 50,
        "depth": 2,
        "sharedPulseCell": false
      },
      "coldMs": 6.121583000000101,
      "coldBytes": 291370,
      "gate": {
        "coldRenders": 202,
        "coldBytes": 291370,
        "warmRenders": 52,
        "warmBytes": 261533,
        "faithful": true
      },
      "measuredTicks": 500,
      "warm": {
        "p50us": 5486.417000000074,
        "p95us": 15050.332999999227,
        "p99us": 20654.332999998587,
        "meanUs": 7339.623761999883,
        "minUs": 5159.333000003244,
        "maxUs": 22014.500000004773
      },
      "warmBytesMean": 302741.78,
      "ticksPerSec": 136.24676583252034
    },
    {
      "name": "dashboard/M=200",
      "params": {
        "partons": 200,
        "liveCells": 200,
        "depth": 2,
        "sharedPulseCell": false
      },
      "coldMs": 6.762458000004699,
      "coldBytes": 299054,
      "gate": {
        "coldRenders": 202,
        "coldBytes": 299054,
        "warmRenders": 202,
        "warmBytes": 299012,
        "faithful": true
      },
      "measuredTicks": 500,
      "warm": {
        "p50us": 7027.7920000007725,
        "p95us": 18765.24999999674,
        "p99us": 24711.750000002212,
        "meanUs": 9365.452122000124,
        "minUs": 6618.45799999719,
        "maxUs": 28479.707999998936
      },
      "warmBytesMean": 331617.328,
      "ticksPerSec": 106.77541105046362
    },
    {
      "name": "depth/D=1",
      "params": {
        "partons": 100,
        "liveCells": 1,
        "depth": 1,
        "sharedPulseCell": false
      },
      "coldMs": 10.4597089999952,
      "coldBytes": 144159,
      "gate": {
        "coldRenders": 101,
        "coldBytes": 144159,
        "warmRenders": 2,
        "warmBytes": 125486,
        "faithful": true
      },
      "measuredTicks": 500,
      "warm": {
        "p50us": 2387.0410000017728,
        "p95us": 6762.875000000349,
        "p99us": 7061.082999993232,
        "meanUs": 2996.606173999998,
        "minUs": 2198.1250000026193,
        "maxUs": 11719.624999997905
      },
      "warmBytesMean": 142311.278,
      "ticksPerSec": 333.71085218888044
    },
    {
      "name": "depth/D=4",
      "params": {
        "partons": 100,
        "liveCells": 1,
        "depth": 4,
        "sharedPulseCell": false
      },
      "coldMs": 16.528792000004614,
      "coldBytes": 391022,
      "gate": {
        "coldRenders": 104,
        "coldBytes": 391022,
        "warmRenders": 5,
        "warmBytes": 369734,
        "faithful": true
      },