{
  "generatedAt": "2026-07-17T23:35:10.132Z",
  "gitSha": "ba4a1b3",
  "nodeVersion": "v24.11.1",
  "runtime": "prod",
  "warmup": 50,
  "measure": 500,
  "results": [
    {
      "name": "scaling/N=10",
      "params": {
        "partons": 10,
        "liveCells": 1,
        "depth": 2,
        "sharedPulseCell": false,
        "idPrefix": ""
      },
      "coldMs": 3.9935839999999985,
      "coldBytes": 3734,
      "gate": {
        "coldRenders": 12,
        "coldBytes": 3734,
        "warmRenders": 3,
        "warmBytes": 3500,
        "faithful": true
      },
      "measuredTicks": 500,
      "warm": {
        "p50us": 154.042000000004,
        "p95us": 275.874999999985,
        "p99us": 438.33399999999756,
        "meanUs": 172.3329699999994,
        "minUs": 134.25000000000864,
        "maxUs": 1046.3340000000017
      },
      "warmBytesMean": 3500,
      "ticksPerSec": 5802.72016434234
    },
    {
      "name": "scaling/N=50",
      "params": {
        "partons": 50,
        "liveCells": 1,
        "depth": 2,
        "sharedPulseCell": false,
        "idPrefix": ""
      },
      "coldMs": 0.775291999999979,
      "coldBytes": 15534,
      "gate": {
        "coldRenders": 52,
        "coldBytes": 15534,
        "warmRenders": 3,
        "warmBytes": 14180,
        "faithful": true
      },
      "measuredTicks": 500,
      "warm": {
        "p50us": 448.9580000000615,
        "p95us": 543.5420000000022,
        "p99us": 1062.791999999945,
        "meanUs": 471.01810199999875,
        "minUs": 418.042000000014,
        "maxUs": 1374.2500000000746
      },
      "warmBytesMean": 14180,
      "ticksPerSec": 2123.060654683719
    },
    {
      "name": "scaling/N=100",
      "params": {
        "partons": 100,
        "liveCells": 1,
        "depth": 2,
        "sharedPulseCell": false,
        "idPrefix": ""
      },
      "coldMs": 1.0667909999999665,
      "coldBytes": 30284,
      "gate": {
        "coldRenders": 102,
        "coldBytes": 30284,
        "warmRenders": 3,
        "warmBytes": 27530,
        "faithful": true
      },
      "measuredTicks": 500,
      "warm": {
        "p50us": 844.0409999998337,
        "p95us": 1410.6669999999895,
        "p99us": 1708.332999999925,
        "meanUs": 911.7919179999977,
        "minUs": 783.4580000001097,
        "maxUs": 3132.833000000005
      },
      "warmBytesMean": 27530,
      "ticksPerSec": 1096.7414606980565
    },
    {
      "name": "scaling/N=500",
      "params": {
        "partons": 500,
        "liveCells": 1,
        "depth": 2,
        "sharedPulseCell": false,
        "idPrefix": ""
      },
      "coldMs": 4.995209000000159,
      "coldBytes": 151792,
      "gate": {
        "coldRenders": 502,
        "coldBytes": 151792,
        "warmRenders": 3,
        "warmBytes": 136040,
        "faithful": true
      },
      "measuredTicks": 500,
      "warm": {
        "p50us": 4170.1249999996435,
        "p95us": 7310.375000000022,
        "p99us": 8017.58400000017,
        "meanUs": 4640.196918000009,
        "minUs": 3860.0830000000315,
        "maxUs": 8476.832999999942
      },
      "warmBytesMean": 136040,
      "ticksPerSec": 215.50809538294644
    },
    {
      "name": "scaling/N=1000",
      "params": {
        "partons": 1000,
        "liveCells": 1,
        "depth": 2,
        "sharedPulseCell": false,
        "idPrefix": ""
      },
      "coldMs": 10.943957999999839,
      "coldBytes": 303792,
      "gate": {
        "coldRenders": 1002,
        "coldBytes": 303792,
        "warmRenders": 3,
        "warmBytes": 272040,
        "faithful": true
      },
      "measuredTicks": 500,
      "warm": {
        "p50us": 8725.916999999754,
        "p95us": 12477.582999999868,
        "p99us": 13856.542000000445,
        "meanUs": 9645.226924000028,
        "minUs": 8222.915999998804,
        "maxUs": 18024.790999999823
      },
      "warmBytesMean": 272040,
      "ticksPerSec": 103.67822425325419
    },
    {
      "name": "dashboard/M=1",
      "params": {
        "partons": 200,
        "liveCells": 1,
        "depth": 2,
        "sharedPulseCell": false,
        "idPrefix": ""
      },
      "coldMs": 2.0542500000010477,
      "coldBytes": 60592,
      "gate": {
        "coldRenders": 202,
        "coldBytes": 60592,
        "warmRenders": 3,
        "warmBytes": 54530,
        "faithful": true
      },
      "measuredTicks": 500,
      "warm": {
        "p50us": 1602.9170000001614,
        "p95us": 1980.4999999996653,
        "p99us": 2855.375000001004,
        "meanUs": 1660.5324780000603,
        "minUs": 1510.0409999995463,
        "maxUs": 3711.4160000000993
      },
      "warmBytesMean": 54530,
      "ticksPerSec": 602.2164656510643
    },
    {
      "name": "dashboard/M=10",
      "params": {
        "partons": 200,
        "liveCells": 10,
        "depth": 2,
        "sharedPulseCell": false,
        "idPrefix": ""
      },
      "coldMs": 1.8823339999999007,
      "coldBytes": 60610,
      "gate": {
        "coldRenders": 202,
        "coldBytes": 60610,
        "warmRenders": 12,
        "warmBytes": 54764,
        "faithful": true
      },
      "measuredTicks": 500,
      "warm": {
        "p50us": 1662.4169999995502,
        "p95us": 2382.1250000000873,
        "p99us": 3158.7090000011813,
        "meanUs": 1737.6661119999972,
        "minUs": 1559.8340000015014,
        "maxUs": 3651.499999999942
      },
      "warmBytesMean": 54764,
      "ticksPerSec": 575.4845497038741
    },
    {
      "name": "dashboard/M=50",
      "params": {
        "partons": 200,
        "liveCells": 50,
        "depth": 2,
        "sharedPulseCell": false,
        "idPrefix": ""
      },
      "coldMs": 2.0380000000004657,
      "coldBytes": 60650,
      "gate": {
        "coldRenders": 202,
        "coldBytes": 60650,
        "warmRenders": 52,
        "warmBytes": 55950,
        "faithful": true
      },
      "measuredTicks": 500,
      "warm": {
        "p50us": 1882.0420000010927,
        "p95us": 2941.5419999986625,
        "p99us": 3349.707999999737,
        "meanUs": 1962.834967999993,
        "minUs": 1769.0419999998994,
        "maxUs": 4122.124999999869
      },
      "warmBytesMean": 55950,
      "ticksPerSec": 509.4671820621465
    },
    {
      "name": "dashboard/M=200",
      "params": {
        "partons": 200,
        "liveCells": 200,
        "depth": 2,
        "sharedPulseCell": false,
        "idPrefix": ""
      },
      "coldMs": 2.2859169999992446,
      "coldBytes": 60700,
      "gate": {
        "coldRenders": 202,
        "coldBytes": 60700,
        "warmRenders": 202,
        "warmBytes": 60700,
        "faithful": true
      },
      "measuredTicks": 500,
      "warm": {
        "p50us": 2663.416999999754,
        "p95us": 3926.9169999988662,
        "p99us": 5010.959000001094,
        "meanUs": 2844.5695199999786,
        "minUs": 2471.750000000611,
        "maxUs": 6363.584000000628
      },
      "warmBytesMean": 60700,
      "ticksPerSec": 351.54704181742323
    },
    {
      "name": "depth/D=1",
      "params": {
        "partons": 100,
        "liveCells": 1,
        "depth": 1,
        "sharedPulseCell": false,
        "idPrefix": ""
      },
      "coldMs": 1.0391670000008162,
      "coldBytes": 30005,
      "gate": {
        "coldRenders": 101,
        "coldBytes": 30005,
        "warmRenders": 2,
        "warmBytes": 27251,
        "faithful": true
      },
      "measuredTicks": 500,
      "warm": {
        "p50us": 787.333000000217,
        "p95us": 960.1670000010927,
        "p99us": 1883.8749999995343,
        "meanUs": 829.6317259999864,
        "minUs": 732.3749999995925,
        "maxUs": 2312.7499999991414
      },
      "warmBytesMean": 27251,
      "ticksPerSec": 1205.3540970780284
    },
    {
      "name": "depth/D=4",
      "params": {
        "partons": 100,
        "liveCells": 1,
        "depth": 4,
        "sharedPulseCell": false,
        "idPrefix": ""
      },
      "coldMs": 1.0748750000002474,